window_start,window_end,minFDR_PG10,minFDR_BSU168,significant
BSU39880,BSU40080,2.28669643862044e-08,2.69737013789287e-08,Both
BSU35760,BSU36250,2.72445159581472e-06,7.17596569341847e-07,Both
BSU16510,BSU16600,0.000875964895107236,0.000103326658377038,Both
BSU15360,BSU15450,0.0424859644302721,0.0177241758226276,Both
BSU17910,BSU18000,0.00210603866652623,0.00177709348773697,Both
BSU08630,BSU08720,0.294485544145682,0.225865754499456,Neither
BSU31390,BSU31480,0.466750564719398,0.373923207597345,Neither
BSU15990,BSU16080,0.0369344701235672,0.00660779577411818,Both
BSU19200,BSU19390,0.0689526649273209,0.0589406610912011,Neither
BSU30960,BSU31050,5.51272532239831e-06,1.45302692461425e-06,Both
BSU04160,BSU04250,0.163171687615032,0.104798593854876,Neither
BSU24860,BSU24950,0.256436605051744,0.1906580907192,Neither
BSU01640,BSU01730,3.9405674260487e-05,0.000226659540663423,Both
BSU37050,BSU37130,0.00602900144948009,0.00375980457753803,Both
BSU29090,BSU29180,0.00111443949315262,0.00105478292304278,Both
BSU12890,BSU12980,1.26888000459995e-05,4.06736872817931e-06,Both
BSU07880,BSU07980,0.0490744191825077,0.0471923536439685,Both
BSU18490,BSU19090,0.0820605749449704,0.0701544305970655,Neither
BSU13210,BSU13300,0.256266980343133,0.246780186585619,Neither
BSU14260,BSU14350,8.09045651948768e-13,5.6163347294404e-14,Both
BSU30220,BSU30310,1.2316014063272e-06,1.80522416350276e-05,Both
BSU08080,BSU08490,2.42799340420708e-05,7.50857162167922e-06,Both
BSU23980,BSU24070,0.0138003959213471,0.00851438385150394,Both
BSU11640,BSU11820,1.00686597121962e-13,4.48023857813837e-15,Both
BSU03000,BSU03090,0.112199596252362,0.0840476316501805,Neither
BSU19410,BSU21770,0.11069729367356,0.0710107601124829,Neither
BSU05600,BSU05950,6.63016964450607e-06,1.74755940933336e-06,Both
BSU19150,BSU19340,0.136318916734977,0.100564307234477,Neither
BSU40890,BSU40970,0.0266893912704494,0.0132298561854816,Both
BSU03390,BSU03480,0.000312682137345003,0.000192746561401345,Both
BSU37010,BSU37090,0.148215581659866,0.0928269920951695,Neither
BSU35690,BSU35990,3.47092463623412e-15,1.67192529978596e-14,Both
BSU19090,BSU19180,0.551078670514822,0.501557916708204,Neither
BSU11410,BSU11500,1.2915821411399e-07,3.17899040148e-08,Both
BSU13900,BSU14200,9.57117818927722e-05,3.47473352432134e-05,Both
BSU32880,BSU32990,0.409196381992603,0.348306926887678,Neither
BSU22019,BSU22300,0.0506895266492737,0.0354770045393531,BSU168_only
BSU33480,BSU33570,3.08553864492493e-05,8.13850122098196e-06,Both
BSU23970,BSU24060,0.0136760680301638,0.00843767769067958,Both
BSU33820,BSU33910,0.0316123503134586,0.0144675093419982,Both
BSU38310,BSU38430,0.00646505034153198,0.0145322981915611,Both
BSU09560,BSU09660,0.000662886131171407,0.000272415140113901,Both
BSU13420,BSU13509,0.85260164706137,0.708170198815138,Neither
BSU08450,BSU08640,0.00864332077296161,0.00599288281467722,Both
BSU03030,BSU03120,0.112199596252362,0.0840476316501805,Neither
BSU36850,BSU36940,0.000165567401660863,6.42296284656124e-05,Both
BSU01300,BSU01389,5.2242259226831e-05,6.45940028966822e-06,Both
BSU22450,BSU22540,0.000209497032021152,8.60934640926006e-05,Both
BSU14560,BSU14710,7.99818907644076e-06,1.68308569920024e-06,Both
BSU04340,BSU04430,0.0396232131421531,0.0254330627076966,Both
BSU14440,BSU14530,0.288290107881081,0.264828855446903,Neither
BSU28990,BSU29090,0.192824533918599,0.118323714461306,Neither
BSU08780,BSU08870,0.0618710398807312,0.0661091198725634,Neither
BSU31130,BSU31390,0.000372091743440554,0.000152912272045067,Both
BSU06490,BSU06570,2.7185025260225e-08,2.95838456654893e-09,Both
BSU00330,BSU00420,0.00871329260494882,0.00216237800047351,Both
BSU40160,BSU40370,1.27850065058173e-05,1.15536850829441e-05,Both
BSU01030,BSU01120,9.94809078004667e-08,4.52057401673871e-09,Both
BSU40939,BSU41020,0.000245515222545987,8.6601050913855e-05,Both
BSU32210,BSU32300,9.33145849808569e-05,3.93867090218783e-05,Both
BSU21830,BSU21920,0.204785861380815,0.132616487455202,Neither
BSU25540,BSU25620,0.146785073243481,0.11071286340104,Neither
BSU00760,BSU00850,1.81553350754049e-07,2.89708119753378e-08,Both
BSU27870,BSU27960,0.093179276928812,0.0597371565113525,Neither
BSU23720,BSU23810,0.0961299411443038,0.056433632395342,Neither
BSU00160,BSU00250,0.0708162504658971,0.0454002389486279,BSU168_only
BSU22300,BSU22390,0.135573286488784,0.0930597935628757,Neither
BSU21790,BSU21880,0.107326831960689,0.093895592766069,Neither
BSU14170,BSU14260,0.0114637170980502,0.00569386215577691,Both
BSU00820,BSU00910,0.0067478664909909,0.00357613330522736,Both
BSU29480,BSU29570,0.127966206982235,0.199887422609009,Neither
BSU29110,BSU29200,0.0008239119669506,0.000141272065965988,Both
BSU13040,BSU13130,0.0162640884654652,0.00671253588697627,Both
BSU03660,BSU03960,0.000444008635029904,0.000546702297990461,Both
BSU25070,BSU25160,0.0067478664909909,0.00357613330522736,Both
BSU35500,BSU35590,6.67026680915145e-11,7.21823287913796e-12,Both
BSU01480,BSU01570,0.132372842829491,0.0929142515847949,Neither
BSU24510,BSU24600,7.74761396661384e-06,2.04209189405246e-06,Both
BSU01000,BSU01090,6.11603830360253e-06,4.36366356910613e-07,Both
BSU14280,BSU14370,1.92391838245872e-07,3.26001801675031e-08,Both
BSU35520,BSU35620,1.0410859882254e-14,8.20899082261275e-16,Both
BSU36970,BSU37060,0.110883339545286,0.0710872162485094,Neither
BSU00910,BSU01000,0.00774274300114369,0.000970717162231383,Both
BSU15120,BSU15210,5.31076632600761e-08,7.94202112336053e-09,Both
BSU35420,BSU35510,7.51700823456903e-05,0.00123705138800544,Both
BSU09490,BSU09590,0.117405888930303,0.0752688172043041,Neither
BSU27700,BSU27785,0.00122571397839241,0.000503711013795514,Both
BSU31500,BSU31590,0.306406172149398,0.266838439427205,Neither
BSU18830,BSU19110,0.0880378267002213,0.0752644446775925,Neither
BSU25050,BSU25140,0.260689499788786,0.194388959472146,Neither
BSU36720,BSU36810,0.0149561623638818,0.00754561636869516,Both
BSU28630,BSU28910,0.000542984602592927,0.000134603192335599,Both
BSU05100,BSU05180,0.0236315280862602,0.0226128913228605,Both
BSU37450,BSU37540,0.00245547585087032,0.00134833850284385,Both
BSU15830,BSU15920,3.04669069969264e-06,1.60314329267319e-06,Both
BSU07690,BSU07800,0.000509216757873158,0.00142604512408353,Both
BSU13480,BSU13560,0.00622879983783775,0.00257075842479942,Both
BSU23940,BSU24030,0.0894465645586625,0.0542807621074082,Neither
BSU16120,BSU16480,8.6874126715956e-08,1.66705103415458e-05,Both
BSU27320,BSU27410,0.000160445127448692,2.73792125427022e-05,Both
BSU29290,BSU29380,5.90836626232811e-05,2.38521099219332e-05,Both
BSU03520,BSU03620,0.00753789295160329,0.0354575946024199,Both
BSU05530,BSU05620,0.167722698471862,0.214822467567175,Neither
BSU24360,BSU24450,1.5618937018766e-07,1.1581784233729e-07,Both
BSU31150,BSU31410,0.000384599028934354,0.000158052180349103,Both
BSU09910,BSU10000,0.214648218120894,0.192930683556807,Neither
BSU28940,BSU29030,0.022520618448,0.00928144545974754,Both
BSU18130,BSU18220,2.27253158747566e-06,1.1106080381471e-05,Both
BSU39870,BSU40070,1.59853206905749e-05,1.47201234720478e-05,Both
BSU00250,BSU00340,0.0405329854640332,0.0259856630824383,Both
BSU29130,BSU29220,0.00293935617031663,0.000725384199482263,Both
BSU09320,BSU09410,0.326911075729131,0.280180361398565,Neither
BSU08100,BSU08510,7.71843455863985e-05,4.23274676640812e-05,Both
BSU34900,BSU34990,2.1919308045028e-06,3.71655700695617e-07,Both
BSU13400,BSU13490,0.121905450122653,0.0875628906118356,Neither
BSU40410,BSU40500,0.45613903583293,0.350796376215052,Neither
BSU36640,BSU36730,8.58388858955323e-07,4.52184139585274e-07,Both
BSU09860,BSU09940,0.208371376326702,0.133667313152909,Neither
BSU10350,BSU10440,0.0654759174997217,0.0715304888653967,Neither
BSU29580,BSU29670,0.0460913643487635,0.0352529177546133,Both
BSU17870,BSU17960,0.152248040675627,0.120506615371255,Neither
BSU03350,BSU03430,0.17401785841314,0.125178355514444,Neither
BSU07940,BSU08030,0.11391673778369,0.0880343503359132,Neither
BSU07280,BSU07370,0.625090942571056,0.615501294509901,Neither
BSU37200,BSU37290,9.2145564633549e-07,1.56137705012778e-07,Both
BSU05510,BSU05590,0.71210881542527,0.563520476747747,Neither
BSU33320,BSU33480,0.000550320561727206,0.000226155965377578,Both
BSU02950,BSU03040,0.00581085480824974,0.00240341854706587,Both
BSU03090,BSU03180,0.209266044035255,0.135907928844254,Neither
BSU08690,BSU08779,0.293848765441973,0.259177034879581,Neither
BSU31140,BSU31400,0.000384599028934354,0.000158052180349103,Both
BSU08910,BSU09000,0.0680208721580328,0.0436081242532873,BSU168_only
BSU15690,BSU15780,0.00022634406881743,8.17399930030123e-05,Both
BSU04080,BSU04170,0.329104883424136,0.26494784592969,Neither
BSU32190,BSU32280,8.55383695657855e-05,3.61044832700551e-05,Both
BSU03590,BSU03670,0.00842080666054069,0.00553098841541257,Both
BSU29870,BSU29960,0.0971122500671519,0.06233371172556,Neither
BSU01610,BSU01700,4.16361841242882e-05,0.000239489325983994,Both
BSU08650,BSU08740,0.347075026886871,0.296445656026562,Neither
BSU24920,BSU25010,5.79572474921771e-09,1.07711551143025e-09,Both
BSU24260,BSU24350,0.00217626767592122,0.00089434404490224,Both
BSU12960,BSU13050,8.53353256791137e-05,3.9367772076407e-05,Both
BSU27110,BSU27200,0.371750082144786,0.322741301481228,Neither
BSU10270,BSU10410,0.01371106293182,0.00734759470512474,Both
BSU16090,BSU16180,0.0186491836774961,0.00768040919341435,Both
BSU24290,BSU24380,0.00177603454011962,0.000729866979173092,Both
BSU00780,BSU00870,0.00427560099938587,0.00113895172050212,Both
BSU06570,BSU06660,0.15032923344515,0.0963759458383153,Neither
BSU33260,BSU33350,5.17783185157432e-06,3.28221588600003e-06,Both
BSU15980,BSU16070,0.0398503493438488,0.00712946386154857,Both
BSU24370,BSU24460,5.73447310989209e-06,4.53880091466279e-06,Both
BSU03982,BSU04060,0.0764070070816258,0.0733187510870316,Neither
BSU06700,BSU07300,0.416312820088974,0.276174783384915,Neither
BSU24240,BSU24330,0.00235136967283442,0.000966302761158742,Both
BSU33630,BSU33720,0.00830897909104542,0.00351710644483159,Both
BSU24720,BSU24810,0.0629750220538784,0.0572243910923174,Neither
BSU02360,BSU02450,0.0508250601429884,0.0631151372341736,Neither
BSU22750,BSU22840,0.0309123962183053,0.0127856277358446,Both
BSU00620,BSU00710,0.0999602383834018,0.0617683695813165,Neither
BSU18350,BSU18440,0.0309135954046176,0.0480276139524806,Both
BSU40500,BSU40870,0.975460887182319,0.863652900243884,Neither
BSU22550,BSU22640,1.04820522119127e-05,1.78652465977897e-06,Both
BSU07580,BSU07670,0.107162422110875,0.120445177559814,Neither
BSU27800,BSU27880,4.88423834899546e-05,2.1516813261952e-05,Both
BSU06710,BSU07310,0.416312820088974,0.276174783384915,Neither
BSU00020,BSU00110,0.00143667917862607,0.000594274888501525,Both
BSU08980,BSU09080,0.293552802695547,0.251590528602793,Neither
BSU37990,BSU38080,0.255502997162504,0.263135182027709,Neither
BSU10010,BSU10100,0.172732444791573,0.121043457920645,Neither
BSU09710,BSU09810,0.115765331121381,0.0939362878741006,Neither
BSU34970,BSU35210,0.00944891972993136,0.00815112872674559,Both
BSU14710,BSU14800,0.517850873214747,0.476622160130747,Neither
BSU09340,BSU09430,0.326911075729131,0.270518969626201,Neither
BSU08970,BSU09070,0.293552802695547,0.251590528602793,Neither
BSU24450,BSU24540,0.103428997390981,0.0663082437276012,Neither
BSU05260,BSU05340,0.0369145950562637,0.0252741060657735,Both
BSU28920,BSU29010,0.0271736387884958,0.0111990994803565,Both
BSU28330,BSU28420,0.122358887483092,0.0984099410280574,Neither
BSU14620,BSU14780,0.215568595109738,0.178697214344586,Neither
BSU17020,BSU17360,0.0124700945125289,0.00513931277523211,Both
BSU27570,BSU27660,0.110428615838624,0.0735010916340639,Neither
BSU29490,BSU29580,0.097651882221395,0.0626045400238974,Neither
BSU02140,BSU02230,0.0913156913902358,0.0585424133811254,Neither
BSU09830,BSU09910,0.0282505289095544,0.0234918532154309,Both
BSU18500,BSU19100,0.0791226037432369,0.0676427287608743,Neither
BSU27750,BSU27830,0.468399905529058,0.387644762743968,Neither
BSU05430,BSU05520,0.00619644263700164,0.00610495891135161,Both
BSU19400,BSU21760,0.0955955341583016,0.0650087534073026,Neither
BSU31960,BSU32050,0.000127030395585215,0.000631402654017152,Both
BSU05440,BSU05529,0.00619644263700164,0.00610495891135161,Both
BSU14000,BSU14220,0.00011338164931913,4.1162227903499e-05,Both
BSU02660,BSU02750,0.299243430462788,0.224611708482685,Neither
BSU15730,BSU15820,0.00507958237223107,0.00218318992789687,Both
BSU33170,BSU33240,0.097651882221395,0.0782556750298717,Neither
BSU05940,BSU06030,0.00159955231686602,0.000822852963973222,Both
BSU30100,BSU30200,0.0071515849989989,0.00442741728715456,Both
BSU24490,BSU24580,7.74761396661384e-06,2.04209189405246e-06,Both
BSU28350,BSU28440,0.0867518038239908,0.0610506115637023,Neither
BSU25690,BSU26860,0.0604349248526349,0.0480276139524806,BSU168_only
BSU17330,BSU17420,0.0208455311254214,0.0256420633652145,Both
BSU15470,BSU15560,6.2819148276934e-20,1.78593059461381e-21,Both
BSU38290,BSU38410,0.00739750952540679,0.00901229725622861,Both
BSU01520,BSU01610,0.223630264629149,0.211161589618173,Neither
BSU29380,BSU29470,0.0314661376895183,0.055735573315042,PG10_only
BSU34200,BSU34770,0.322522785755653,0.274893939485385,Neither
BSU00490,BSU00580,0.027436705965012,0.0217105826805425,Both
BSU01550,BSU01640,0.000738262765146438,0.000514365631933632,Both
BSU35170,BSU35270,0.000624120232865434,0.000212209095845764,Both
BSU37190,BSU37280,9.41707418782424e-07,1.59569302925147e-07,Both
BSU33160,BSU33239,0.120201267238167,0.0770609318996447,Neither
BSU03330,BSU03410,0.106666299786288,0.0821099209367869,Neither
BSU01470,BSU01560,0.135601448752161,0.0951804528429606,Neither
BSU33330,BSU33490,0.000625364274690006,0.000256995415201793,Both
BSU28490,BSU28580,0.00173477253663607,0.000959189487380124,Both
BSU15480,BSU15660,5.667379681506e-20,1.61121999296681e-21,Both
BSU34780,BSU34870,0.0486490169993001,0.0201216436498538,Both
BSU01680,BSU01770,0.0491383098318311,0.0355429638293026,Both
BSU12970,BSU13060,7.42046310253162e-05,3.42328452838322e-05,Both
BSU09620,BSU09710,0.0745434215430496,0.047789725209082,BSU168_only
BSU13090,BSU13170,0.00148623749789487,0.000932635101721685,Both
BSU32270,BSU32690,0.00728142029178935,0.00300304742564311,Both
BSU27890,BSU27980,0.026429031274354,0.022582291187251,Both
BSU29430,BSU29520,0.0304259347906912,0.0538930750236356,PG10_only
BSU17390,BSU17850,0.0346184713332892,0.0243661455699354,Both
BSU40380,BSU40470,0.0715075174674793,0.0523992969274378,Neither
BSU14140,BSU14230,0.0103847790182337,0.00515796924699791,Both
BSU28360,BSU28450,0.00396243593592715,0.00105478292304278,Both
BSU08440,BSU08630,0.000645979919503133,0.000450069927941928,Both
BSU06730,BSU07330,0.462959919207378,0.314994532053478,Neither
BSU23519,BSU23600,0.0768989603110447,0.0554361288706824,Neither
BSU29050,BSU29150,0.00111443949315262,0.00105478292304278,Both
BSU13070,BSU13160,0.00122457596657535,0.000768438780996036,Both
BSU15760,BSU15850,0.0546651757982364,0.0525686977299902,Neither
BSU17030,BSU17370,0.0130284569533884,0.00536943125770519,Both
BSU32000,BSU32090,0.120992311559075,0.0776616736252878,Neither
BSU29790,BSU29890,0.255520509115673,0.126370530328868,Neither
BSU04570,BSU04660,0.0530906719254315,0.0338841551611764,BSU168_only
BSU34960,BSU35200,0.00895160816519813,0.00772212195165372,Both
BSU26850,BSU27160,0.120309663712441,0.0849231278132032,Neither
BSU24030,BSU24120,4.23796874122219e-05,7.44276434356892e-06,Both
BSU40870,BSU40950,0.130232110204189,0.0835420707205681,Neither
BSU31100,BSU31360,0.138205504706486,0.103433039939751,Neither
BSU33090,BSU33180,0.285611991450256,0.248058258598796,Neither
BSU28050,BSU28130,0.0192054661666664,0.00792650514313155,Both
BSU31360,BSU31450,0.000287667566357403,0.000118217890992825,Both
BSU11630,BSU11720,8.40784986276179e-14,3.74123015287844e-15,Both
BSU23390,BSU23550,0.0807152858847939,0.0560925331980957,Neither
BSU11720,BSU11900,0.00111093401450047,0.000456868587053061,Both
BSU04360,BSU04450,0.0730552992308447,0.0468922093673156,BSU168_only
BSU03210,BSU03300,0.0310194697947241,0.012839100939497,Both
BSU13890,BSU14190,0.000100129248749362,3.63510584082848e-05,Both
BSU22780,BSU22860,0.0395080134178163,0.0316266410585008,Both
BSU09440,BSU09530,0.46593333040127,0.388841197196882,Neither
BSU17880,BSU17970,0.0296914456714716,0.0251204650084022,Both
BSU33570,BSU33660,0.162131941856133,0.103942652329753,Neither
BSU40340,BSU40430,0.0424679427356505,0.0419194375419503,Both
BSU28100,BSU28190,1.35887753867544e-10,3.13967157716782e-11,Both
BSU07920,BSU08020,0.066455051669179,0.0516129032258085,Neither
BSU28130,BSU28220,4.71924243878039e-08,1.45223172350647e-08,Both
BSU08760,BSU08840,0.149086843086099,0.190747970307725,Neither
BSU36860,BSU36950,0.0203695975276042,0.00857219382264553,Both
BSU27830,BSU27920,3.64248283653898e-05,1.60464370089134e-05,Both
BSU01580,BSU01670,0.000895143602740056,0.000623668328719529,Both
BSU13170,BSU13260,0.187823004226644,0.187367182952657,Neither
BSU13860,BSU14160,0.00056366257956548,0.00142888349588437,Both
BSU08810,BSU08899,0.0439806187103993,0.0469932297889306,Both
BSU22510,BSU22600,0.217292562965387,0.108522430867963,Neither
BSU39290,BSU39370,1.9446917861403e-06,4.3983517718053e-07,Both
BSU25080,BSU25170,0.21803950801342,0.139784946236565,Neither
BSU28310,BSU28400,0.137896523988881,0.110906441476065,Neither
BSU38040,BSU38140,0.18668955074912,0.17588239764764,Neither
BSU22830,BSU22900,0.156541185240404,0.100358422939072,Neither
BSU08070,BSU08480,2.42799340420708e-05,7.50857162167922e-06,Both
BSU33530,BSU33620,0.139768915393218,0.0896057347670287,Neither
BSU31630,BSU31760,5.38494512563729e-05,1.58476291223181e-05,Both
BSU03970,BSU04040,0.0302314987369035,0.0333762009029141,Both
BSU18090,BSU18180,2.47231458417682e-06,1.20824390963256e-05,Both
BSU32750,BSU32840,0.000313757560636358,0.000127808823927081,Both
BSU16480,BSU16570,0.0119562650329746,0.00193400119215306,Both
BSU15190,BSU15280,3.04167690245073e-11,1.03220526045812e-12,Both
BSU14790,BSU14880,0.0304962243817147,0.0186736852416969,Both
BSU09100,BSU09200,0.0874415597085267,0.0662357844385313,Neither
BSU13910,BSU14210,0.000114854138271327,4.16968022918561e-05,Both
BSU06600,BSU06690,0.00146335240277461,0.000601369271572196,Both
BSU39420,BSU39880,0.208042265999961,0.174422161369835,Neither
BSU17370,BSU17460,0.028104242856595,0.0345709961441732,Both
BSU35160,BSU35260,0.000611637828208125,0.000207964913928849,Both
BSU00940,BSU01030,9.73588168083785e-06,5.47516278010486e-07,Both
BSU36250,BSU36330,0.000297048030477753,0.00146114077714871,Both
BSU13220,BSU13310,0.0360185822253899,0.0279886188548989,Both
BSU26450,BSU27130,0.0402899499017566,0.0305630270606695,Both
BSU33239,BSU33320,4.83264306146936e-06,3.06340149360003e-06,Both
BSU30595,BSU30680,0.0130450987700337,0.00836320191158935,Both
BSU35580,BSU35680,1.21616703864062e-09,1.62083767895471e-10,Both
BSU13509,BSU13590,2.19054197806198e-07,3.70701255737178e-08,Both
BSU28450,BSU28550,0.0042055091797238,0.00232530784819424,Both
BSU05529,BSU05610,0.137905329854642,0.176631806666344,Neither
BSU22000,BSU22170,0.0472108336439314,0.0330183555990021,Both
BSU11330,BSU11430,1.03078190110203e-07,2.53707887810423e-08,Both
BSU17940,BSU18020,1.97028371302435e-05,6.19718623401314e-05,Both
BSU22390,BSU22480,4.22966396844302e-05,1.11641465153534e-05,Both
BSU32200,BSU32290,8.55383695657855e-05,3.61044832700551e-05,Both
BSU40530,BSU40910,0.135813486355797,0.087122445180021,Neither
BSU32150,BSU32240,0.0100119529012104,0.00412919021025928,Both
BSU09870,BSU09950,0.219534128629918,0.140828062071815,Neither
BSU18200,BSU18280,0.000963829725401855,0.000525945470804557,Both
BSU16810,BSU16940,0.43469647331988,0.30032261365771,Neither
BSU11480,BSU11560,0.0833262196067216,0.0486930926485597,BSU168_only
BSU22630,BSU22730,2.89460867767396e-15,8.25102224400316e-17,Both
BSU28090,BSU28170,1.68338560761286e-10,3.88944389410342e-11,Both
BSU02320,BSU02410,0.0518076779724195,0.0903885268390013,Neither
BSU25390,BSU25480,0.000701824704796558,0.000241537556983335,Both
BSU16930,BSU17020,0.304968901353352,0.205274802341967,Neither
BSU16940,BSU17030,0.194071119043042,0.160671149110616,Neither
BSU22970,BSU23070,0.0870678965534756,0.0669157337130929,Neither
BSU29340,BSU29430,4.18509276914908e-05,1.6895244528036e-05,Both
BSU15070,BSU15160,0.385310817264137,0.247767765720997,Neither
BSU14810,BSU14900,0.0262577660778153,0.0160783594962407,Both
BSU22500,BSU22590,0.0496668715349455,0.0248051270555345,Both
BSU01320,BSU01400,5.94627340793199e-05,7.35216293132968e-06,Both
BSU24610,BSU24730,3.80975037812973e-10,8.43729686107325e-11,Both
BSU02200,BSU02310,0.0953939648132578,0.0521397690609139,Neither
BSU31430,BSU31520,0.225079955751887,0.183120742795121,Neither
BSU15170,BSU15260,3.12616792751881e-11,1.06087762880417e-12,Both
BSU36650,BSU36740,0.000861285921354299,0.00070840297767778,Both
BSU31990,BSU32080,0.0859742067857082,0.055441800383613,Neither
BSU02690,BSU02780,0.102238137143032,0.0488347119337022,BSU168_only
BSU30659,BSU30740,0.054043980618711,0.0346475507765844,BSU168_only
BSU39340,BSU39430,2.58324356483148e-09,4.36031012273449e-10,Both
BSU25450,BSU25540,0.000927699322432231,0.000319273782219351,Both
BSU29330,BSU29420,4.18509276914908e-05,1.6895244528036e-05,Both
BSU24200,BSU24300,0.00255148624073523,0.00104854129402332,Both
BSU16720,BSU16800,0.00014724889521965,5.3457438835713e-05,Both
BSU00030,BSU00120,0.000380221479011524,0.00015625321244269,Both
BSU38260,BSU38350,0.0199550145960789,0.00984545033839829,Both
BSU32820,BSU32890,0.00020208114074884,8.23175476140524e-05,Both
BSU40440,BSU40529,0.654196783268607,0.420670451152196,Neither
BSU29640,BSU29730,0.000212173649113816,7.18889750960476e-05,Both
BSU09980,BSU10060,0.179436263238141,0.154418874577045,Neither
BSU10620,BSU11340,0.000135022190648585,0.000130115843869307,Both
BSU29950,BSU30050,0.180483763747809,0.149569283038938,Neither
BSU27620,BSU27710,0.125270886958315,0.0996906751300679,Neither
BSU09370,BSU09460,0.330914068493162,0.270652874888807,Neither
BSU23570,BSU23650,0.456905176545452,0.293275004348126,Neither
BSU16660,BSU16750,0.0413480652283752,0.0227083660857282,Both
BSU33690,BSU33830,4.88892862256286e-13,3.39229201506506e-14,Both
BSU01100,BSU01190,1.23206065633185e-10,3.5284161967953e-12,Both
BSU15900,BSU15990,0.000585112718311344,0.00048063841353576,Both
BSU08060,BSU08470,5.31827459622265e-07,9.01036407764212e-08,Both
BSU40170,BSU40380,1.27850065058173e-05,1.15536850829441e-05,Both
BSU36490,BSU36580,0.168681590359711,0.109180158671311,Neither
BSU00270,BSU00360,0.0398807305255315,0.0255675029868589,Both
BSU17890,BSU17980,0.00272479396208245,0.00229337140991646,Both
BSU07790,BSU07880,0.0311727035543662,0.0219832735961777,Both
BSU15810,BSU15900,0.016586201354449,0.00715436218661467,Both
BSU27430,BSU27500,0.00147783804395836,0.000758464958632866,Both
BSU06580,BSU06670,0.172692259908065,0.11071286340104,Neither
BSU19440,BSU21800,0.181713924844013,0.155610033299664,Neither
BSU21930,BSU22019,0.0633619083115922,0.0349745507963937,BSU168_only
BSU11839,BSU11920,0.000723979470123903,0.000297734584821096,Both
BSU37610,BSU37770,0.184276685803661,0.166665707619819,Neither
BSU03080,BSU03170,0.310394610769995,0.22008210889803,Neither
BSU22380,BSU22470,4.00705007536708e-05,1.05765598566506e-05,Both
BSU28570,BSU28840,0.00156341068672502,0.000642488538004482,Both
BSU22400,BSU22490,4.56358480805695e-05,1.20455265034076e-05,Both
BSU32120,BSU32210,0.122046091848497,0.0977583347827088,Neither
BSU27240,BSU27330,0.0037149001059493,0.00157850663504288,Both
BSU14490,BSU14570,0.229153675495218,0.196894327848554,Neither
BSU17380,BSU17680,0.000132826289535316,0.000209301195450632,Both
BSU03220,BSU03310,0.000194368541689937,5.14483385465242e-05,Both
BSU23920,BSU24010,0.071412982994416,0.0433370600696243,BSU168_only
BSU24770,BSU24860,0.408073701070063,0.282230401957825,Neither
BSU27670,BSU27750,0.00113816297993581,0.000467731655667263,Both
BSU38280,BSU38370,0.0294258019363532,0.0122319018878144,Both
BSU09730,BSU09840,0.15479396366589,0.122971140489732,Neither
BSU33390,BSU33550,3.27141446690836e-05,8.62877237887244e-06,Both
BSU36770,BSU36860,1.60637438762897e-16,3.20770497614302e-17,Both
BSU25320,BSU25410,0.985397681172441,0.833759036590393,Neither
BSU08870,BSU08950,0.0596347372344397,0.0382317801672656,BSU168_only
BSU13150,BSU13230,0.104360790160269,0.0669056152927148,Neither
BSU37070,BSU37150,0.00450649173868219,0.00184359716886639,Both
BSU26410,BSU27090,0.0668641721773833,0.0524556918346242,Neither
BSU28900,BSU28990,0.00235917448023134,0.000970204078123916,Both
BSU01570,BSU01660,0.0009689698792547,0.000675104891912892,Both
BSU25040,BSU25130,0.275046312820632,0.220870933661105,Neither
BSU17900,BSU17990,0.000132326162337298,0.000108046662241774,Both
BSU34770,BSU34860,0.143052077804478,0.0979934903578058,Neither
BSU00980,BSU01070,6.69302304922541e-06,4.7753299435501e-07,Both
BSU10610,BSU11330,0.000135022190648585,0.000130115843869307,Both
BSU36930,BSU37020,0.130807055360811,0.0840120959001896,Neither
BSU19360,BSU19450,0.05565354567017,0.034326129738247,BSU168_only
BSU38750,BSU39290,0.0158630942071125,0.00654235332015106,Both
BSU27770,BSU27850,0.202790000175094,0.130086938693456,Neither
BSU15680,BSU15770,0.000237951456961913,8.59317875159872e-05,Both
BSU15880,BSU15970,3.77090406273434e-06,1.98421833765288e-06,Both
BSU08750,BSU08830,0.141632500931794,0.181210571792338,Neither
BSU11300,BSU11400,3.05978599920374e-06,1.05384018350101e-06,Both
BSU13270,BSU13440,0.0875602254703828,0.0655696147932803,Neither
BSU23170,BSU23260,8.39318702752002e-05,5.27495814101536e-05,Both
BSU37170,BSU37260,0.0020554994726082,0.000845923607822938,Both
BSU23490,BSU23570,0.0807152858847939,0.0560925331980957,Neither
BSU37320,BSU37500,0.00245547585087032,0.00134833850284385,Both
BSU31970,BSU32060,0.00153533577284897,0.000631402654017152,Both
BSU14920,BSU15010,0.63230420341643,0.475750013924649,Neither
BSU33730,BSU33870,1.33901895478221e-07,2.26745975225002e-08,Both
BSU32740,BSU32830,0.000491953229422805,0.00020216972662541,Both
BSU30290,BSU30550,0.112833290549334,0.096774193548391,Neither
BSU19180,BSU19370,0.0754752143123377,0.0552995391705091,Neither
BSU18180,BSU18260,0.00110151968617355,0.000601080538062351,Both
BSU32710,BSU32790,0.000250145709876003,0.000102798166080717,Both
BSU07290,BSU07380,0.56258184831395,0.517021087388317,Neither
BSU33000,BSU33110,0.000958699183952339,0.000864053273464629,Both
BSU24390,BSU24480,0.00358764538340856,0.00301960568972334,Both
BSU02780,BSU02870,1.30113075388401e-05,1.19814958493413e-05,Both
BSU16070,BSU16160,0.0160382979626467,0.00660515190633635,Both
BSU18110,BSU18200,2.29750446206331e-06,1.12281252208278e-05,Both
BSU09959,BSU10040,0.307805821365942,0.262082243168741,Neither
BSU06350,BSU06440,1.5850113093574e-05,2.70845762748564e-06,Both
BSU00950,BSU01040,9.00386050182749e-06,5.06349640566088e-07,Both
BSU29610,BSU29700,0.0262389374093448,0.0177815498931398,Both
BSU33640,BSU33730,5.88677442955876e-05,1.55709897142089e-05,Both
BSU06540,BSU06620,0.141632500931794,0.0908004778972558,Neither
BSU16870,BSU16980,0.307827244262386,0.212566005770717,Neither
BSU14470,BSU14560,0.22005576282047,0.203954611346275,Neither
BSU03930,BSU04010,0.0372717107715248,0.0377196791026084,Both
BSU14160,BSU14250,0.00957557545837134,0.00475604956541365,Both
BSU29470,BSU29560,0.0526462914647788,0.0394926074829275,BSU168_only
BSU16590,BSU16680,0.00616225471215267,0.000750612689399849,Both
BSU17400,BSU17860,0.00282137110710087,0.00134395629150062,Both
BSU03120,BSU03210,0.00444735340437048,0.00183027107874418,Both
BSU11320,BSU11420,1.52633391857676e-05,4.8926319483896e-06,Both
BSU08029,BSU08425,4.84403354942572e-07,8.20689212167404e-08,Both
BSU05960,BSU06150,0.00152480688149845,0.000784401890890361,Both
BSU01380,BSU01460,0.000994346456397761,0.000177408038940407,Both
BSU09410,BSU09500,0.445987020604828,0.372195152634607,Neither
BSU09130,BSU09230,0.231681801028128,0.199425710718584,Neither
BSU09165,BSU09260,0.3709173851869,0.313466572809807,Neither
BSU00080,BSU00170,0.000417743335492924,0.000171672937354798,Both
BSU11680,BSU11860,2.69131452546203e-06,4.57807663836707e-07,Both
BSU01050,BSU01140,4.55817949042075e-06,3.2521643581074e-07,Both
BSU01750,BSU02180,0.0112865607405032,0.0168582977553395,Both
BSU01400,BSU01490,0.000231994190623741,1.92094336297116e-05,Both
BSU39910,BSU40110,2.72457448005839e-08,3.21388782387235e-08,Both
BSU29000,BSU29100,0.00636028045705016,0.202423868668456,PG10_only
BSU21950,BSU22030,0.0496956143620331,0.0274310202324657,Both
BSU32770,BSU32850,6.00738150583051e-05,2.83076015515702e-05,Both
BSU19390,BSU21750,0.0955955341583016,0.0650087534073026,Neither
BSU27360,BSU27450,0.0447260529258298,0.0210119079125451,Both
BSU09850,BSU09930,0.0265887330913454,0.0221099794968762,Both
BSU09360,BSU09450,0.321073377948254,0.266838439427205,Neither
BSU09840,BSU09920,0.0282505289095544,0.0234918532154309,Both
BSU03160,BSU03250,0.00396150807448127,0.0016303254987133,Both
BSU15850,BSU15940,3.52117531685789e-06,1.85281314972885e-06,Both
BSU28380,BSU28470,0.0033710275872813,0.000897352636021473,Both
BSU01620,BSU01710,4.16361841242882e-05,0.000239489325983994,Both
BSU25090,BSU25180,0.242266120014911,0.155316606929516,Neither
BSU14910,BSU15000,0.129578086793299,0.065113458520778,Neither
BSU07500,BSU07600,0.00076594761883943,0.000533654343131143,Both
BSU05950,BSU06140,0.00152480688149845,0.000784401890890361,Both
BSU23690,BSU23780,0.162232000140075,0.130227001194748,Neither
BSU25270,BSU25350,0.0786708257559997,0.0505205666496009,Neither
BSU05410,BSU05500,0.0088974560941562,0.00876609484706898,Both
BSU17040,BSU17380,0.0158202691576859,0.00652002367007058,Both
BSU14630,BSU14790,0.215568595109738,0.178697214344586,Neither
BSU07760,BSU07850,0.000533465174914737,0.00149395203475418,Both
BSU32859,BSU32940,0.249075105317434,0.213470751541764,Neither
BSU04060,BSU04150,0.196877840300073,0.151644636394641,Neither
BSU09180,BSU09270,0.0449922794313407,0.0283018442448911,Both
BSU09510,BSU09610,0.000938046412035009,0.000385493122802689,Both
BSU25150,BSU25250,0.16992189617118,0.105643816598953,Neither
BSU03140,BSU03230,0.00448472612205426,0.00184565150797732,Both
BSU13430,BSU13510,0.85260164706137,0.708170198815138,Neither
BSU00390,BSU00480,0.106597092806561,0.0682658063602356,Neither
BSU30530,BSU30630,0.113487981749364,0.10908399551973,Neither
BSU04770,BSU05100,0.99711449822598,0.99112244435611,Neither
BSU02390,BSU02550,0.0465354891989676,0.0403225806451629,Both
BSU02630,BSU02720,0.00403625350984884,0.00276494730962917,Both
BSU33130,BSU33221,0.116474096161015,0.0746714456391906,Neither
BSU38490,BSU38740,1.73069549316944e-07,2.92693355388375e-08,Both
BSU36910,BSU37000,0.0633619083115922,0.0406212664277197,BSU168_only
BSU06520,BSU06600,0.0392305128344261,0.0191484399512316,Both
BSU08950,BSU09050,0.814529090021551,0.760845657888518,Neither
BSU40960,BSU41050,0.0003455399428425,0.000121882960545426,Both
BSU32090,BSU32180,0.187906330437472,0.180614484385127,Neither
BSU27100,BSU27190,0.410137318887997,0.342734698767533,Neither
BSU24400,BSU24490,0.0327162794550051,0.0278528664654565,Both
BSU33222,BSU33300,0.0102485089165116,0.00710584676597442,Both
BSU38460,BSU38540,1.88340391903733e-07,3.18519239687349e-08,Both
BSU14390,BSU14480,0.203622707818041,0.156860168226243,Neither
BSU24950,BSU25040,8.19395567992848e-09,1.52281848167725e-09,Both
BSU03600,BSU03890,0.00794415722692518,0.00782687039916873,Both
BSU31590,BSU31720,4.81056134743266e-12,6.03912942908889e-13,Both
BSU22980,BSU23080,0.085724934774507,0.0549581839904443,Neither
BSU18210,BSU18290,0.000936291733247516,0.000510918457352998,Both
BSU30900,BSU30990,6.98631233067314e-12,7.55601073648554e-13,Both
BSU02830,BSU02920,1.11525493190058e-05,1.02698535851497e-05,Both
BSU16190,BSU16550,4.25099776023903e-05,0.0010587510240589,Both
BSU28280,BSU28370,1.47588215912434e-05,3.27926164219042e-06,Both
BSU18430,BSU18840,7.92738540945493e-07,4.07297435302912e-07,Both
BSU02130,BSU02220,0.0172298601872521,0.00854079323366537,Both
BSU25230,BSU25310,0.00220128224690882,0.000904623861510311,Both
BSU09780,BSU09880,0.0254808692125393,0.021188730351173,Both
BSU30550,BSU30650,0.119269474468879,0.0764635603345312,Neither
BSU28020,BSU28100,0.105292582929558,0.0675029868578283,Neither
BSU33800,BSU33890,3.40813256448139e-05,9.01478351875255e-06,Both
BSU22900,BSU22990,0.0722978447072933,0.0510800089548616,Neither
BSU12900,BSU12990,1.26888000459995e-05,4.06736872817931e-06,Both
BSU02770,BSU02860,0.00372983673549922,0.00321755081318905,Both
BSU09200,BSU09290,0.00051830991426375,0.000182824440818138,Both
BSU03359,BSU03440,0.0678777656534107,0.0604849110418324,Neither
BSU11350,BSU11450,8.5624593695916e-13,1.51742729392986e-13,Both
BSU27160,BSU27250,0.128156330006651,0.0822600621952062,Neither
BSU00210,BSU00300,0.0414647782333213,0.0265830346475519,Both
BSU22360,BSU22450,3.93284544434176e-05,1.0380697637083e-05,Both
BSU13550,BSU13640,8.59978207518538e-17,3.81852451878004e-18,Both
BSU21910,BSU22000,0.111815132314574,0.071684587813623,Neither
BSU04790,BSU05110,0.0273325878991182,0.0524556918346242,PG10_only
BSU25510,BSU25590,0.138983797814007,0.115470646311283,Neither
BSU00570,BSU00660,0.0260901975400674,0.0267622461170859,Both
BSU17950,BSU18030,2.28669643862044e-08,1.61285101881331e-07,Both
BSU10390,BSU10480,0.0594022038765178,0.424120836381892,Neither
BSU27120,BSU27210,0.371750082144786,0.322741301481228,Neither
BSU10450,BSU10590,0.594063489771373,0.49381047260781,Neither
BSU38160,BSU38240,0.0028834354758383,0.00412919021025928,Both
BSU04536,BSU04620,0.128796656133197,0.0759128234700996,Neither
BSU04130,BSU04220,0.163445754211381,0.10513739545998,Neither
BSU15230,BSU15360,1.49893354671139e-05,2.95660718148896e-06,Both
BSU29240,BSU29320,0.29023155988362,0.186179471891552,Neither
BSU09880,BSU09959,0.219534128629918,0.140828062071815,Neither
BSU00580,BSU00670,0.0281867312709656,0.0289127837514946,Both
BSU05590,BSU05940,6.63016964450607e-06,1.74755940933336e-06,Both
BSU14320,BSU14410,0.00825295026565765,0.00574577007489539,Both
BSU06430,BSU06520,1.50976791472525e-23,1.76012272038439e-25,Both
BSU19050,BSU19140,0.0969064480059645,0.0800166899139871,Neither
BSU04210,BSU04300,0.140921002940255,0.090507876511029,Neither
BSU25610,BSU26410,0.078162661549858,0.0626834565380767,Neither
BSU09889,BSU09965,0.219534128629918,0.140828062071815,Neither
BSU04140,BSU04230,0.0802769800031173,0.0506457729641278,Neither
BSU37210,BSU37300,7.29063808089618e-07,1.23537524845275e-07,Both
BSU30260,BSU30350,1.34356517053877e-06,9.99465753034489e-05,Both
BSU37250,BSU37340,2.45656358649565e-09,2.66433758861158e-10,Both
BSU08660,BSU08750,0.312737737560196,0.284915503362275,Neither
BSU10570,BSU10660,0.000108460448225912,0.000104519284419607,Both
BSU06610,BSU06700,0.00132577226234281,0.000544830280227801,Both
BSU36370,BSU36470,0.0038636107670719,0.038756391513579,Both
BSU32160,BSU32250,0.00448587500119165,0.0020811058194863,Both
BSU07440,BSU07550,4.83264306146936e-06,3.06340149360003e-06,Both
BSU00300,BSU00390,0.0805068952664936,0.0411605392491798,BSU168_only
BSU38340,BSU38460,0.00764616530777341,0.0171872372842501,Both
BSU31480,BSU31570,0.358964498093781,0.278336167931456,Neither
BSU09060,BSU09150,0.0725578899709051,0.0549616083638876,Neither
BSU11370,BSU11470,1.20450915326696e-15,1.77601083718032e-16,Both
BSU29540,BSU29630,0.0704435333581819,0.0530737861048315,Neither
BSU01740,BSU02170,0.0112865607405032,0.0168582977553395,Both
BSU40320,BSU40410,1.93079690087853e-05,1.74484223701605e-05,Both
BSU29520,BSU29610,0.0644800596347379,0.0485807671753219,BSU168_only
BSU15000,BSU15080,0.377959038281046,0.225361677269703,Neither
BSU22060,BSU22350,0.0962580073321647,0.0619264418233356,Neither
BSU13000,BSU13090,0.0829295564666427,0.0531660692951037,Neither
BSU08779,BSU08860,0.0678345136041751,0.0724810832337743,Neither
BSU04740,BSU05070,0.751465818956371,0.48379931063535,Neither
BSU38180,BSU38260,0.00352003811336105,0.00721037911748982,Both
BSU05350,BSU05430,0.0910684949899613,0.071020730692888,Neither
BSU30350,BSU30620,0.113487981749364,0.10908399551973,Neither
BSU06020,BSU06380,0.0018125768076636,0.0007459508178075,Both
BSU11880,BSU11950,0.14115769681892,0.0906052858961691,Neither
BSU39400,BSU39860,0.142643567311751,0.114448782184635,Neither
BSU27660,BSU27740,0.00117568483641721,0.000483151380579371,Both
BSU37240,BSU37330,2.92058115283371e-09,3.16760135534932e-10,Both
BSU10640,BSU11360,0.10227988412854,0.0688243039244851,Neither
BSU25620,BSU26420,0.085009026065174,0.0681739782786382,Neither
BSU38250,BSU38340,0.0199550145960789,0.00984545033839829,Both
BSU02790,BSU02880,1.30113075388401e-05,1.19814958493413e-05,Both
BSU27530,BSU27620,0.00113646391569765,0.000209988255851338,Both
BSU14540,BSU14620,7.60483551530433e-06,1.60031099268219e-06,Both
BSU28910,BSU29000,0.0260569139067768,0.0107388625154104,Both
BSU07530,BSU07630,0.0762788074053105,0.102880255832341,Neither
BSU39390,BSU39850,0.151558790268735,0.121601831071174,Neither
BSU00710,BSU00800,3.53362611682584e-13,2.4496248660134e-14,Both
BSU35650,BSU35740,1.68129685900049e-12,1.10851563088677e-11,Both
BSU00100,BSU00190,0.000397731678702844,0.00016344908406834,Both
BSU29960,BSU30060,0.180483763747809,0.149569283038938,Neither
BSU15270,BSU15400,1.85511577563291e-05,4.89655548919008e-06,Both
BSU10200,BSU10340,0.156016401747228,0.111150023785474,Neither
BSU00630,BSU00720,0.100633619083117,0.0642391043645692,Neither
BSU18040,BSU18130,0.0376999252318505,0.0181946706276377,Both
BSU31959,BSU32040,4.80829533762701e-07,3.88288554643876e-07,Both
BSU00350,BSU00440,0.012484213025559,0.00285671956025858,Both
BSU37750,BSU38018,0.00140929783976183,0.000485397683452684,Both
BSU10490,BSU10630,0.00262130497803482,0.0010780045312488,Both
BSU05920,BSU06010,0.00254134480249742,0.00156880378178072,Both
BSU00170,BSU00260,0.0695738601068463,0.0446037435284765,BSU168_only
BSU05610,BSU05960,6.92815479706814e-06,1.82610140525845e-06,Both
BSU23050,BSU23150,6.39412827622997e-05,1.68653278314325e-05,Both
BSU33940,BSU34750,0.330017211558818,0.275032455911956,Neither
BSU27400,BSU27470,0.0018916326962667,0.000970835147050068,Both
BSU05570,BSU05920,0.0031019355677542,0.00127657562635098,Both
BSU23328,BSU23500,0.200929541457891,0.128893480540305,Neither
BSU33380,BSU33540,3.27141446690836e-05,8.62877237887244e-06,Both
BSU27785,BSU27860,0.00148836697376221,0.000611649088180267,Both
BSU37060,BSU37140,0.0041902467043887,0.00171422192894594,Both
BSU27860,BSU27950,0.00788981312792782,0.00434999289231318,Both
BSU16160,BSU16520,1.13343587199724e-07,2.17498064612356e-05,Both
BSU09210,BSU09300,2.73197172735132e-06,5.90234840927425e-07,Both
BSU23910,BSU24000,0.0706916397318462,0.042899311988113,BSU168_only
BSU05910,BSU06000,7.30063623777073e-06,1.92427890016482e-06,Both
BSU09120,BSU09220,0.0762788074053105,0.0628446437888843,Neither
BSU27090,BSU27180,0.351546273332569,0.284854279133432,Neither
BSU29980,BSU30080,0.323945216983247,0.223872214675918,Neither
BSU09810,BSU09900,0.0210494136973151,0.0175037337683603,Both
BSU07640,BSU07750,0.286510642449215,0.18379255558525,Neither
BSU16620,BSU16710,0.0364071014589467,0.00999739387421998,Both
BSU32910,BSU33020,0.259623005623796,0.224144289118852,Neither
BSU23620,BSU23710,0.106666299786288,0.153295164402919,Neither
BSU09290,BSU09380,0.00152285336819166,0.000626269299106443,Both
BSU18100,BSU18190,2.47231458417682e-06,1.20824390963256e-05,Both
BSU28140,BSU28230,8.36725220424608e-06,3.24302163291044e-06,Both
BSU28640,BSU28920,0.00211576758941382,0.000870103657365099,Both
BSU35210,BSU35310,0.000792632695739101,0.00026950555172412,Both
BSU04520,BSU04600,0.116454961810851,0.0664142219348019,Neither
BSU06559,BSU06640,0.140390110572743,0.0900039824771044,Neither
BSU15820,BSU15910,0.000267830902761947,0.000157286799883328,Both
BSU25340,BSU25430,0.249301468105161,0.15992339252223,Neither
BSU15500,BSU15680,4.33234304542358e-16,1.92367178587598e-17,Both
BSU27210,BSU27300,0.00195711810459768,0.000831603495534785,Both
BSU01310,BSU01390,5.98874678941722e-05,7.40467838083917e-06,Both
BSU08930,BSU09020,0.0493850167722704,0.0316606929510168,Both
BSU39360,BSU39820,3.94830327144744e-06,1.0406814460075e-06,Both
BSU09990,BSU10070,0.179436263238141,0.154418874577045,Neither
BSU22640,BSU22740,2.00178060286099e-12,8.92310366574371e-14,Both
BSU22849,BSU22920,0.231084606783454,0.148148148148154,Neither
BSU38230,BSU38320,0.019220557011067,0.00939096520817099,Both
BSU13290,BSU13460,0.0931322398184981,0.0697422266437618,Neither
BSU09800,BSU09890,0.0210494136973151,0.0175037337683603,Both
BSU05150,BSU05240,0.00965058922727556,0.00683450967024317,Both
BSU02650,BSU02740,0.273775904465955,0.205495818399053,Neither
BSU00790,BSU00880,0.0469623555721213,0.0301075268817216,Both
BSU40900,BSU40980,0.0277029124579348,0.013732255787462,Both
BSU04630,BSU04720,0.0744183486881078,0.0702000150224047,Neither
BSU14240,BSU14330,9.79371052359034e-13,6.79872098826996e-14,Both
BSU24880,BSU24970,3.93284544434176e-05,1.81434080004311e-05,Both
BSU07390,BSU07500,0.0347043732105719,0.0244556557026791,Both
BSU01460,BSU01550,0.117600280451061,0.0988293913301064,Neither
BSU07630,BSU07735,0.113487981749364,0.0728009473422093,Neither
BSU13080,BSU13169,0.00122457596657535,0.000768438780996036,Both
BSU09050,BSU09140,0.0675966667250313,0.0512035496723398,Neither
BSU38000,BSU38100,0.255502997162504,0.263135182027709,Neither
BSU27760,BSU27840,0.468399905529058,0.387644762743968,Neither
BSU36260,BSU36340,0.0595346789504863,0.0763813218016622,Neither
BSU35190,BSU35290,0.000642843839851397,0.000218575368721137,Both
BSU03652,BSU03950,0.000444008635029904,0.000546702297990461,Both
BSU36310,BSU36400,0.00434656211295589,0.0234774294745719,Both
BSU24560,BSU24680,0.00343829002690827,0.00141499948944928,Both
BSU08010,BSU08090,4.77628482845473e-07,8.0921104136786e-08,Both
BSU00990,BSU01080,6.11603830360253e-06,4.36366356910613e-07,Both
BSU28190,BSU28280,1.03445415319355e-07,1.74832947897887e-08,Both
BSU15140,BSU15230,1.37161098004065e-12,1.12932486618757e-13,Both
BSU37130,BSU37220,0.19407541633,0.115058596050458,Neither
BSU09070,BSU09165,0.0725578899709051,0.0549616083638876,Neither
BSU00140,BSU00230,0.00584341088561545,0.00504082960732951,Both
BSU36360,BSU36460,0.00423511180236727,0.022875444103429,Both
BSU28870,BSU28970,0.0023778980872173,0.000977904110489979,Both
BSU40940,BSU41030,0.000263701535327171,9.30159435741406e-05,Both
BSU23930,BSU24020,0.0750196993072653,0.0455258004771811,BSU168_only
BSU34540,BSU34830,0.112464822305257,0.0841905663115437,Neither
BSU24710,BSU24800,0.00529077435959106,0.00272325297211235,Both
BSU40139,BSU40340,0.00122735660382573,0.00109379144075041,Both
BSU25650,BSU26450,0.0992244649174771,0.0780332605804328,Neither
BSU25630,BSU26430,0.115761875737057,0.0910388040105049,Neither
BSU00700,BSU00790,3.96108088902252e-13,2.74595045464406e-14,Both
BSU13450,BSU13530,0.444284567042443,0.385031851118742,Neither
BSU04710,BSU05040,0.0367794678328391,0.0260470757432601,Both
BSU10060,BSU10150,0.000323425051008131,0.000165523094759696,Both
BSU25560,BSU25640,0.134988167352062,0.113102349661494,Neither
BSU00900,BSU00990,0.00635856650112604,0.000829624551441938,Both
BSU02230,BSU02340,0.123451013287745,0.0674749952553003,Neither
BSU32300,BSU32719,4.92493642954522e-05,1.30084812078562e-05,Both
BSU03340,BSU03420,0.195968318212017,0.188363620678878,Neither
BSU03550,BSU03651,0.0136639504303113,0.0134622170865702,Both
BSU34910,BSU35000,0.000527403070654342,0.000139699441912707,Both
BSU07830,BSU07920,0.0210318939353604,0.0157307845479895,Both
BSU00110,BSU00200,0.000337696708332603,0.000138777524208968,Both
BSU30150,BSU30240,3.30141525129903e-13,2.28970410887064e-14,Both
BSU27650,BSU27730,0.00127574312036761,0.000524270647011658,Both
BSU21810,BSU21900,0.123305877572723,0.104913693489025,Neither
BSU23130,BSU23220,3.38293996009841e-05,8.92293507360673e-06,Both
BSU22350,BSU22440,3.78443618229113e-05,9.98897319794776e-06,Both
BSU16700,BSU16790,0.000144303917315257,5.23882900589987e-05,Both
BSU40100,BSU40180,0.34462079983791,0.30576849292265,Neither
BSU35560,BSU35660,8.15222163441501e-12,8.466457694776e-13,Both
BSU36540,BSU36630,0.178005477398217,0.114325738750773,Neither
BSU32670,BSU32750,4.73053104416844e-05,1.24949885285987e-05,Both
BSU38030,BSU38130,0.228304248159621,0.211502616688931,Neither
BSU02220,BSU02330,0.108861348081012,0.0595006776342193,Neither
BSU00650,BSU00740,0.0828260239367218,0.0560420287993988,Neither
BSU05140,BSU05230,0.0676508819925427,0.0527582570861453,Neither
BSU12080,BSU12890,0.141147558828415,0.0970679297896124,Neither
BSU18230,BSU18360,0.0511064305779582,0.0217395288177921,BSU168_only
BSU23800,BSU23890,0.00475579617443461,0.00195580822097996,Both
BSU24100,BSU24190,2.91842769436415e-07,4.93561344380397e-08,Both
BSU15020,BSU15100,0.346626910175181,0.222222222222231,Neither
BSU05310,BSU05390,0.0180144332242477,0.0127577513844539,Both
BSU31750,BSU32020,4.99088883146095e-07,4.03033689630353e-07,Both
BSU07270,BSU07360,0.650094580273898,0.640121346290297,Neither
BSU07810,BSU07900,0.0267678650086405,0.0188769414575874,Both
BSU00670,BSU00760,0.000206553488756448,5.46350516288033e-05,Both
BSU30890,BSU30980,5.02141198767132e-12,5.43088271684898e-13,Both
BSU00690,BSU00780,6.7643545609926e-10,7.32415069703623e-11,Both
BSU28160,BSU28250,0.000190402511909992,5.03274615279556e-05,Both
BSU39270,BSU39350,0.106551011799171,0.0442284167868698,BSU168_only
BSU37650,BSU37980,0.00281859567952365,0.000970795366905367,Both
BSU03300,BSU03380,8.30322670324288e-07,1.40695514407119e-07,Both
BSU22490,BSU22580,0.223500921907255,0.111623071749905,Neither
BSU30940,BSU31030,7.64127911167375e-12,8.26438674303105e-13,Both
BSU18050,BSU18140,0.0376999252318505,0.0181946706276377,Both
BSU09190,BSU09280,0.0424897502795383,0.0272401433691767,Both
BSU40070,BSU40150,0.00326360714356182,0.00161494506948015,Both
BSU24750,BSU24840,0.99711449822598,0.99112244435611,Neither
BSU08050,BSU08460,5.31827459622265e-07,9.01036407764212e-08,Both
BSU36390,BSU36490,0.00230330641883132,0.0231047718638644,Both
BSU33900,BSU34380,6.70762648389028e-08,9.59260959582642e-09,Both
BSU17340,BSU17430,0.0191704438028429,0.0235815404162241,Both
BSU38110,BSU38200,1.19472169805453e-07,4.70605002781308e-08,Both
BSU07800,BSU07890,0.0298173686172198,0.0210274790919961,Both
BSU23950,BSU24040,0.0786264156201146,0.0477145408847379,BSU168_only
BSU27330,BSU27420,0.000178467716330244,3.41553754226558e-05,Both
BSU11590,BSU11680,3.53054163555234e-06,6.00564892344928e-07,Both
BSU15530,BSU15710,3.76378815622012e-07,3.96023867937045e-08,Both
BSU03360,BSU03450,0.0642797557271338,0.0464948177625079,BSU168_only
BSU25580,BSU25670,0.101256738954783,0.0749491720178811,Neither
BSU26440,BSU27120,0.0402899499017566,0.0305630270606695,Both
BSU29249,BSU29330,0.29023155988362,0.186179471891552,Neither
BSU29160,BSU29240,0.00463690719690431,0.00111469469873967,Both
BSU21770,BSU21860,0.119412007754637,0.105833989045946,Neither
BSU33860,BSU33950,4.53473339755963e-08,6.48514451548829e-09,Both
BSU40060,BSU40140,7.82211025475436e-06,2.06172739303373e-06,Both
BSU10410,BSU10500,0.110486160639619,0.495893224244678,Neither
BSU00220,BSU00310,0.0405329854640332,0.0259856630824383,Both
BSU27490,BSU27580,0.00848618627943674,0.00167758211102445,Both
BSU27810,BSU27900,5.2567650027324e-05,2.31579261378636e-05,Both
BSU38020,BSU38120,0.277667328842783,0.25723291218924,Neither
BSU02710,BSU02800,0.0766786028572738,0.0366260339502766,BSU168_only
BSU18380,BSU18470,0.000112916164828659,4.63032062554108e-05,Both
BSU00740,BSU00830,3.07767435981606e-13,2.13354423814071e-14,Both
BSU34980,BSU35220,0.0106921986417644,0.00922364566447527,Both
BSU13640,BSU13850,2.37120523398462e-07,4.01274555179419e-08,Both
BSU36330,BSU36420,0.00442086232001496,0.0238787530553338,Both
BSU18080,BSU18170,0.000189951074833348,0.000330679228512603,Both
BSU03060,BSU03150,0.110715734463316,0.0858990954252226,Neither
BSU07990,BSU08070,0.0148649774164528,0.01007366775062,Both
BSU27500,BSU27590,0.000272107880634236,3.53424657067488e-05,Both
BSU31410,BSU31500,0.486671456856961,0.358966279293452,Neither
BSU31010,BSU31110,0.00010541854916203,4.33220842768737e-05,Both
BSU26430,BSU27110,0.0594348197132296,0.0471259691348496,BSU168_only
BSU25550,BSU25630,0.1415050346376,0.106730386300283,Neither
BSU09590,BSU09680,0.000800466271603208,0.000328954131458295,Both
BSU15560,BSU15740,0.00558450394541125,0.00109644047168483,Both
BSU31050,BSU31150,0.000141153650572887,5.8007536574119e-05,Both
BSU29970,BSU30070,0.27896380123795,0.219170422399656,Neither
BSU09500,BSU09600,0.139768915393218,0.0896057347670287,Neither
BSU32260,BSU32680,0.0083216231906164,0.00343205420073498,Both
BSU10180,BSU10330,0.156016401747228,0.111150023785474,Neither
BSU22180,BSU22380,0.129283215557667,0.0740037153502763,Neither
BSU30880,BSU30970,1.11902166145255e-08,1.89003770017539e-09,Both
BSU32760,BSU32849,0.000249942463557776,0.000101813808891065,Both
BSU15250,BSU15380,0.00465302034049586,0.001917654020609,Both
BSU23790,BSU23880,0.00408174632293994,0.0016786070558017,Both
BSU33850,BSU33940,4.53473339755963e-08,6.48514451548829e-09,Both
BSU27950,BSU28040,0.00877650737459748,0.00307650955918478,Both
BSU04040,BSU04130,0.169017768559497,0.130185489735022,Neither
BSU33660,BSU33800,2.31285092189654e-07,3.91652139025004e-08,Both
BSU02380,BSU02540,0.10421316665801,0.0639187574671471,Neither
BSU33280,BSU33370,5.17783185157432e-06,3.28221588600003e-06,Both
BSU16650,BSU16740,0.0351068478354129,0.0192806881859957,Both
BSU15110,BSU15200,5.40328210542626e-06,9.29177197951205e-07,Both
BSU13060,BSU13150,0.0202435994729727,0.00835496488059813,Both
BSU40470,BSU40550,0.742643114454832,0.68227102145928,Neither
BSU39260,BSU39340,0.148089242049484,0.166545826130365,Neither
BSU13530,BSU13620,1.57392237979808e-16,6.98862034569177e-18,Both
BSU16490,BSU16580,0.000778091722469556,9.17817803460836e-05,Both
BSU37470,BSU37560,0.00323252517076599,0.00177502790247798,Both
BSU04760,BSU05090,0.99711449822598,0.99112244435611,Neither
BSU37490,BSU37580,0.00326360714356182,0.00179209547846335,Both
BSU15910,BSU16000,0.000669368949748178,0.00054985034508491,Both
BSU24120,BSU24210,2.10398275640206e-07,3.55823294785867e-08,Both
BSU11530,BSU11610,0.183807837367768,0.107295733298095,Neither
BSU32140,BSU32230,0.00936182608944345,0.00386106097582686,Both
BSU18060,BSU18150,0.0252039032428378,0.0209584180647472,Both
BSU05160,BSU05250,0.0676508819925427,0.0527582570861453,Neither
BSU27880,BSU27970,0.0726798360044734,0.0465949820788549,BSU168_only
BSU40420,BSU40510,0.344885612459045,0.265236284455283,Neither
BSU13050,BSU13140,0.0136687551996995,0.00564138654330985,Both
BSU14430,BSU14520,0.310466270025779,0.319424342569803,Neither
BSU15390,BSU15480,0.0588734078533771,0.0245606436399267,BSU168_only
BSU15790,BSU15880,0.01004090490149,0.0110389572801281,Both
BSU03490,BSU03600,1.10264807075056e-10,0.000179170470375867,Both
BSU37230,BSU37320,2.23820237880714e-09,2.42750758073499e-10,Both
BSU01180,BSU01270,2.323046461764e-13,4.08045420336925e-15,Both
BSU19120,BSU19310,0.37361265797615,0.332826311446841,Neither
BSU27140,BSU27230,0.313314450503298,0.241570506590869,Neither
BSU29010,BSU29110,0.00115602305632996,0.0465556964501759,Both
BSU30310,BSU30570,0.125022825796021,0.100358422939072,Neither
BSU35630,BSU35720,4.26315156477968e-06,6.94431877169737e-07,Both
BSU16770,BSU16870,0.464515793078892,0.356877080791026,Neither
BSU35700,BSU36000,1.94399949321932e-12,1.28172119821283e-11,Both
BSU15780,BSU15870,0.00686340335038559,0.00754561636869516,Both
BSU23630,BSU23720,0.106666299786288,0.153295164402919,Neither
BSU29550,BSU29640,0.0655982109578837,0.0525121587386428,Neither
BSU01650,BSU01740,3.9405674260487e-05,0.000226659540663423,Both
BSU07490,BSU07590,9.55022319290374e-06,6.05386485640005e-06,Both
BSU30930,BSU31020,7.64127911167375e-12,8.26438674303105e-13,Both
BSU00610,BSU00700,0.099142750652256,0.0632874139295385,Neither
BSU10100,BSU10200,0.000381475701189077,0.000195232368178103,Both
BSU06160,BSU06420,0.0599355569641339,0.0250037480354924,BSU168_only
BSU40140,BSU40350,1.27850065058173e-05,1.15536850829441e-05,Both
BSU27350,BSU27440,0.00560668814046463,0.00109951637456854,Both
BSU04450,BSU04536,0.0394015228156119,0.0504662304760983,PG10_only
BSU07560,BSU07650,0.0762788074053105,0.102880255832341,Neither
BSU28500,BSU28590,0.00180486435629813,0.000997944618183362,Both
BSU24500,BSU24590,7.74761396661384e-06,2.04209189405246e-06,Both
BSU11560,BSU11650,0.210536031620654,0.124284224403627,Neither
BSU13120,BSU13200,0.00123504242782813,0.000775006633825062,Both
BSU31350,BSU31440,0.000315808958718453,0.000129782684676905,Both
BSU06400,BSU06490,1.57259361749581e-16,4.47726648699519e-18,Both
BSU35250,BSU35440,8.22982798095057e-05,0.000325968036829993,Both
BSU01260,BSU01350,2.323046461764e-13,4.08045420336925e-15,Both
BSU09250,BSU09340,3.19259486742799e-06,6.89751180386119e-07,Both
BSU31380,BSU31470,0.446006095176313,0.357304398370797,Neither
BSU39280,BSU39360,0.000837148876116796,0.000303275175420193,Both
BSU28220,BSU28310,4.14386346510773e-13,3.13485993709868e-14,Both
BSU04620,BSU04710,0.0926846706388252,0.0979967697455935,Neither
BSU23820,BSU23910,0.00426898239279957,0.00175560737946232,Both
BSU29040,BSU29140,0.00112275620578809,0.00106265443739385,Both
BSU25180,BSU25280,0.00167597625616922,0.000688747712740805,Both
BSU19330,BSU19420,0.00129202823992516,0.000531723410631561,Both
BSU00840,BSU00930,0.00772832572472461,0.0040957424179527,Both
BSU17860,BSU17950,0.13493813467328,0.103597584360664,Neither
BSU14730,BSU14820,0.517850873214747,0.476622160130747,Neither
BSU07980,BSU08060,0.161588416095343,0.129649011068532,Neither
BSU32080,BSU32170,0.339172568020876,0.217443249701323,Neither
BSU38760,BSU39300,0.113678717853151,0.145288959662441,Neither
BSU22800,BSU22870,0.0441546406987842,0.0252602833248005,Both
BSU23020,BSU23120,0.0605956560357536,0.0460478669968393,BSU168_only
BSU18240,BSU18380,0.112194196130744,0.0556755967730154,Neither
BSU16730,BSU16810,0.000192896052737741,7.0029244874784e-05,Both
BSU38540,BSU39250,0.0224234667671339,0.0108324210710698,Both
BSU14970,BSU15060,0.384139108960231,0.255675029868589,Neither
BSU36440,BSU36530,0.327991054789418,0.210274790919961,Neither
BSU28860,BSU28960,0.0023778980872173,0.000977904110489979,Both
BSU25670,BSU26840,0.0511088212620228,0.0339769822110634,BSU168_only
BSU31650,BSU31960,0.0166510891835153,0.0244556557026791,Both
BSU34800,BSU34890,2.09662946517659e-06,3.55496757187112e-07,Both
BSU29300,BSU29390,5.90836626232811e-05,2.38521099219332e-05,Both
BSU22869,BSU22950,0.0513517401659279,0.0908004778972558,Neither
BSU13130,BSU13210,0.00120364304406979,0.000755303075337985,Both
BSU34380,BSU34800,0.158397206936882,0.102306721765795,Neither
BSU16680,BSU16770,0.00017228120740699,6.25452034377842e-05,Both
BSU38140,BSU38229,8.88756385138124e-08,3.50084209386095e-08,Both
BSU38740,BSU39280,0.0189837029035937,0.00782937364542668,Both
BSU04650,BSU04740,0.0208033319794353,0.0133756464094921,Both
BSU29460,BSU29550,0.134178158777489,0.106491343015176,Neither
BSU24690,BSU24780,2.51223124408249e-06,8.39169035010067e-07,Both
BSU05470,BSU05550,0.00524314376977062,0.00516573446345136,Both
BSU29900,BSU29990,0.108963836140921,0.104911383669248,Neither
BSU14150,BSU14240,0.00849663737855485,0.00422015665663465,Both
BSU22480,BSU22570,0.104185688163351,0.065113458520778,Neither
BSU14750,BSU14840,0.366470899381293,0.280367617916846,Neither
BSU15340,BSU15430,0.0613011772493926,0.025573453686934,BSU168_only
BSU25480,BSU25569,0.273021527360655,0.214164788393381,Neither
BSU02550,BSU02630,0.0571737124415306,0.0449681239086376,BSU168_only
BSU15180,BSU15270,3.04167690245073e-11,1.03220526045812e-12,Both
BSU35280,BSU35470,8.55383695657855e-05,0.00187690555421515,Both
BSU33540,BSU33630,0.177040626164743,0.11350059737157,Neither
BSU14420,BSU14510,0.672676918389189,0.432553797229942,Neither
BSU37630,BSU37790,0.00295190763733896,0.00101671136398873,Both
BSU22020,BSU22310,0.0544166977264262,0.0380856078143055,BSU168_only
BSU01700,BSU02130,0.000312508470634879,0.000532882651222868,Both
BSU02180,BSU02290,0.0920271189963193,0.0502995419175875,Neither
BSU25520,BSU25600,0.165309432891431,0.125325327117967,Neither
BSU07710,BSU07820,0.000636520947341447,0.00178255640510442,Both
BSU13880,BSU14180,0.000556871464149028,0.00141166803207854,Both
BSU12860,BSU12950,0.00129669866374817,0.000546895720375207,Both
BSU16170,BSU16530,1.05877841935071e-07,2.0317184478759e-05,Both
BSU39830,BSU39920,0.0868214068027924,0.0833625178391056,Neither
BSU27260,BSU27350,0.0547423672180299,0.0210443187244957,BSU168_only
BSU24820,BSU24910,0.295563615070827,0.200690695035293,Neither
BSU15720,BSU15810,0.000188039687940634,6.79070711101948e-05,Both
BSU28950,BSU29040,0.0195426854300826,0.00805414688655778,Both
BSU02910,BSU03000,0.00527031017492418,0.00217984472873416,Both
BSU23070,BSU23160,6.3197779474366e-05,1.66692193682763e-05,Both
BSU14360,BSU14450,0.259156173586597,0.199640214106127,Neither
BSU37340,BSU37520,0.00245547585087032,0.00134833850284385,Both
BSU25260,BSU25340,0.00185107825308242,0.000760706428997307,Both
BSU09900,BSU09990,0.21705999585259,0.195098444046209,Neither
BSU35290,BSU35480,8.55383695657855e-05,0.00187690555421515,Both
BSU32100,BSU32190,0.187906330437472,0.180614484385127,Neither
BSU13169,BSU13250,0.202110385795892,0.17307646560881,Neither
BSU39430,BSU39890,0.234740240724868,0.169292097800134,Neither
BSU09770,BSU09870,0.0254808692125393,0.021188730351173,Both
BSU02150,BSU02260,0.500374095503773,0.400257659140807,Neither
BSU31740,BSU32010,4.99088883146095e-07,4.03033689630353e-07,Both
BSU00730,BSU00820,4.18905676752741e-13,2.90399076858041e-14,Both
BSU10370,BSU10460,0.0539419710508729,0.0684249341139891,Neither
BSU01090,BSU01180,1.21852152824029e-10,3.48964239243491e-12,Both
BSU04500,BSU04580,0.116454961810851,0.0664142219348019,Neither
BSU27370,BSU27460,0.00271922200088338,0.00139557552388447,Both
BSU25570,BSU25660,0.131272103846211,0.0878136200716881,Neither
BSU08790,BSU08880,0.0678345136041751,0.0724810832337743,Neither
BSU23580,BSU23660,0.985397681172441,0.952143202155434,Neither
BSU03620,BSU03910,0.000406486778548504,0.000500502103794084,Both
BSU24550,BSU24670,6.85365850892763e-06,1.80646590627718e-06,Both
BSU39300,BSU39380,1.77902622861036e-09,3.00285508452469e-10,Both
BSU33500,BSU33590,0.00820564081809829,0.00337938004510232,Both
BSU31560,BSU31650,4.2987995019611e-12,5.39666885152624e-13,Both
BSU23370,BSU23530,0.0904469160978541,0.0628554627326179,Neither
BSU15090,BSU15180,0.00874280275251356,0.00347214753944325,Both
BSU05190,BSU05280,0.888577189114419,0.830013444969292,Neither
BSU15490,BSU15670,5.18940790113803e-20,1.47533396946358e-21,Both
BSU36269,BSU36350,0.0917826300486663,0.0588772688887813,Neither
BSU01670,BSU01760,0.0160382979626467,0.0322890305209862,Both
BSU36300,BSU36390,0.0813765685178292,0.0521704500199145,Neither
BSU29780,BSU29880,0.255520509115673,0.126370530328868,Neither
BSU09790,BSU09889,0.0210494136973151,0.0175037337683603,Both
BSU30560,BSU30659,0.335975892379438,0.216693920451637,Neither
BSU23280,BSU23390,0.124860231084608,0.0800477897252123,Neither
BSU19060,BSU19150,0.0969064480059645,0.099082306917337,Neither
BSU22820,BSU22890,0.156541185240404,0.100358422939072,Neither
BSU02420,BSU02580,0.00208412866076595,0.00187837668144485,Both
BSU27940,BSU28030,0.00853271550308088,0.00299105096031853,Both
BSU14580,BSU14740,8.65377834500148e-06,1.82104354339698e-06,Both
BSU37980,BSU38070,0.255502997162504,0.263135182027709,Neither
BSU22070,BSU22360,0.0585651817975325,0.0137289465458667,BSU168_only
BSU13180,BSU13270,0.39367323827246,0.340155796376416,Neither
BSU32719,BSU32800,0.000446093182612204,0.000183323396177279,Both
BSU01010,BSU01100,9.47994533157388e-08,4.30784112183336e-09,Both
BSU02960,BSU03050,0.0118919819331623,0.00491862400329759,Both
BSU28540,BSU28630,0.0266152763476363,0.0109689809978835,Both
BSU22990,BSU23090,0.0678345136041751,0.0434886499402646,BSU168_only
BSU17450,BSU17910,0.00288079007296926,0.00132808583789435,Both
BSU32980,BSU33090,0.000958699183952339,0.000864053273464629,Both
BSU01440,BSU01530,0.132425956832712,0.0839347573880123,Neither
BSU30240,BSU30330,1.62347458106768e-06,0.000120768778491667,Both
BSU37089,BSU37170,0.00508627430155358,0.00208078510872054,Both
BSU00260,BSU00350,0.0405329854640332,0.0259856630824383,Both
BSU10660,BSU11390,0.000183405852590562,7.58648793831734e-05,Both
BSU04440,BSU04530,0.0399339758266337,0.0511482065636131,PG10_only
BSU36620,BSU36710,1.17561952422142e-06,6.19295669432005e-07,Both
BSU10260,BSU10400,0.01371106293182,0.00734759470512474,Both
BSU27930,BSU28020,0.0291397011486467,0.0192131197583523,Both
BSU21870,BSU21960,0.179913464424217,0.120475514609195,Neither
BSU15440,BSU15530,1.19006858190233e-09,1.29072354292739e-10,Both
BSU28650,BSU28930,0.00211576758941382,0.000870103657365099,Both
BSU16020,BSU16110,0.124611377192339,0.0526478144178148,Neither
BSU29350,BSU29440,0.0018029624136292,0.000925327249532096,Both
BSU33880,BSU34210,6.61315287144112e-08,9.45750241842042e-09,Both
BSU21840,BSU21930,0.211079576371719,0.141345288793465,Neither
BSU27510,BSU27600,0.0115270696962349,0.00227871570080821,Both
BSU06550,BSU06630,0.141632500931794,0.0908004778972558,Neither
BSU14720,BSU14810,0.517850873214747,0.476622160130747,Neither
BSU13310,BSU13480,0.0875602254703828,0.0655696147932803,Neither
BSU25060,BSU25150,0.260689499788786,0.194388959472146,Neither
BSU28390,BSU28490,0.0037554430139011,0.000999682322585325,Both
BSU00360,BSU00450,0.00903304646201116,0.0022417313215918,Both
BSU38018,BSU38110,0.255502997162504,0.263135182027709,Neither
BSU07660,BSU07770,0.301394312186837,0.193340220810458,Neither
BSU29940,BSU30035,0.155802223406228,0.129115363990878,Neither
BSU29590,BSU29680,0.0571532917924668,0.0458287930809973,BSU168_only
BSU17410,BSU17870,0.00283569278784757,0.00135077840465544,Both
BSU19190,BSU19380,0.0726798360044734,0.0621266427718066,Neither
BSU09150,BSU09250,0.309946168576368,0.332376184530974,Neither
BSU02900,BSU02990,0.00527031017492418,0.00217984472873416,Both
BSU23770,BSU23860,0.00366982696924875,0.00150920634374831,Both
BSU23240,BSU23350,4.91312717299129e-10,2.71329178713235e-10,Both
BSU28590,BSU28860,0.00140081597530561,0.000287834865026008,Both
BSU13540,BSU13630,9.89786238842091e-17,4.39490557821854e-18,Both
BSU33340,BSU33500,0.000712915273146607,0.000292974773330044,Both
BSU35300,BSU35490,8.48903516145295e-05,0.00186268657274382,Both
BSU04250,BSU04340,0.433688260058433,0.421418426213399,Neither
BSU32730,BSU32820,0.000441924087447604,0.000181610093409267,Both
BSU15010,BSU15090,0.377959038281046,0.225361677269703,Neither
BSU30035,BSU30135,0.443488177940859,0.286035974996161,Neither
BSU30700,BSU30790,0.00228428005228749,0.000939403948659665,Both
BSU15150,BSU15240,1.17902198700043e-13,2.60872444099919e-15,Both
BSU06150,BSU06410,0.21173654522838,0.216752232458081,Neither
BSU24430,BSU24520,0.0950428624673882,0.0609318996415795,Neither
BSU27680,BSU27760,0.00115067026542961,0.000472871563971299,Both
BSU29500,BSU29590,0.0909429742825205,0.05830346475508,Neither
BSU36460,BSU36550,0.249720462169216,0.160095579450425,Neither
BSU25030,BSU25120,0.243121294368238,0.175899597245364,Neither
BSU05070,BSU05150,0.0500505830360476,0.0747096217038588,Neither
BSU22810,BSU22880,0.178304459139689,0.114448782184635,Neither
BSU35640,BSU35730,5.86572598317574e-08,4.61998234637306e-09,Both
BSU33240,BSU33330,5.2928947816093e-06,3.35515401680003e-06,Both
BSU04200,BSU04290,0.140921002940255,0.090507876511029,Neither
BSU29060,BSU29160,0.00112275620578809,0.00106265443739385,Both
BSU08470,BSU08660,0.119069357900973,0.0763813218016622,Neither
BSU32180,BSU32270,9.72026926883926e-05,4.10278218977899e-05,Both
BSU08520,BSU08710,0.163720367113837,0.105024317477286,Neither
BSU23550,BSU23630,0.61292157829268,0.393417688759682,Neither
BSU25410,BSU25500,0.00100836882873069,0.000347036719803642,Both
